month,sector,cost_per_departure,fuel_share
1,DEL-BOM,909567,0.4
2,DEL-BOM,906948,0.4
3,DEL-BOM,926803,0.4
4,DEL-BOM,964287,0.4
5,DEL-BOM,971174,0.4
6,DEL-BOM,938070,0.4
7,DEL-BOM,894657,0.4
8,DEL-BOM,926727,0.4
9,DEL-BOM,895688,0.4
10,DEL-BOM,966784,0.4
11,DEL-BOM,963233,0.4
12,DEL-BOM,938474,0.4
1,BOM-DEL,903906,0.4
2,BOM-DEL,926480,0.4
3,BOM-DEL,961455,0.4
4,BOM-DEL,959738,0.4
5,BOM-DEL,986557,0.4
6,BOM-DEL,957654,0.4
7,BOM-DEL,927636,0.4
8,BOM-DEL,909271,0.4
9,BOM-DEL,945563,0.4
10,BOM-DEL,960813,0.4
11,BOM-DEL,956454,0.4
12,BOM-DEL,915869,0.4
1,DEL-BLR,1335772,0.4
2,DEL-BLR,1308566,0.4
3,DEL-BLR,1322137,0.4
4,DEL-BLR,1360798,0.4
5,DEL-BLR,1384133,0.4
6,DEL-BLR,1366441,0.4
7,DEL-BLR,1314378,0.4
8,DEL-BLR,1328515,0.4
9,DEL-BLR,1298363,0.4
10,DEL-BLR,1349537,0.4
11,DEL-BLR,1376438,0.4
12,DEL-BLR,1372403,0.4
1,BLR-DEL,1321320,0.4
2,BLR-DEL,1316196,0.4
3,BLR-DEL,1340483,0.4
4,BLR-DEL,1369351,0.4
5,BLR-DEL,1381168,0.4
6,BLR-DEL,1358611,0.4
7,BLR-DEL,1277159,0.4
8,BLR-DEL,1333653,0.4
9,BLR-DEL,1377303,0.4
10,BLR-DEL,1366744,0.4
11,BLR-DEL,1430476,0.4
12,BLR-DEL,1337441,0.4
1,BOM-BLR,738476,0.4
2,BOM-BLR,729001,0.4
3,BOM-BLR,728988,0.4
4,BOM-BLR,749609,0.4
5,BOM-BLR,790708,0.4
6,BOM-BLR,750721,0.4
7,BOM-BLR,728570,0.4
8,BOM-BLR,736664,0.4
9,BOM-BLR,731699,0.4
10,BOM-BLR,757589,0.4
11,BOM-BLR,794499,0.4
12,BOM-BLR,750811,0.4
1,BLR-BOM,729443,0.4
2,BLR-BOM,729131,0.4
3,BLR-BOM,742890,0.4
4,BLR-BOM,768454,0.4
5,BLR-BOM,773683,0.4
6,BLR-BOM,759432,0.4
7,BLR-BOM,713380,0.4
8,BLR-BOM,738678,0.4
9,BLR-BOM,725862,0.4
10,BLR-BOM,744337,0.4
11,BLR-BOM,748390,0.4
12,BLR-BOM,751985,0.4
1,BLR-HYD,491644,0.4
2,BLR-HYD,496280,0.4
3,BLR-HYD,511350,0.4
4,BLR-HYD,516811,0.4
5,BLR-HYD,533597,0.4
6,BLR-HYD,521360,0.4
7,BLR-HYD,517092,0.4
8,BLR-HYD,489543,0.4
9,BLR-HYD,515036,0.4
10,BLR-HYD,539795,0.4
11,BLR-HYD,529944,0.4
12,BLR-HYD,516217,0.4
1,HYD-BLR,488522,0.4
2,HYD-BLR,507712,0.4
3,HYD-BLR,512372,0.4
4,HYD-BLR,525962,0.4
5,HYD-BLR,524246,0.4
6,HYD-BLR,516415,0.4
7,HYD-BLR,525568,0.4
8,HYD-BLR,511943,0.4
9,HYD-BLR,518470,0.4
10,HYD-BLR,516248,0.4
11,HYD-BLR,550151,0.4
12,HYD-BLR,537704,0.4
1,DEL-GOI,1118418,0.4
2,DEL-GOI,1195720,0.4
3,DEL-GOI,1192909,0.4
4,DEL-GOI,1216311,0.4
5,DEL-GOI,1231684,0.4
6,DEL-GOI,1239900,0.4
7,DEL-GOI,1170562,0.4
8,DEL-GOI,1190093,0.4
9,DEL-GOI,1191566,0.4
10,DEL-GOI,1218295,0.4
11,DEL-GOI,1227511,0.4
12,DEL-GOI,1202866,0.4
1,GOI-DEL,1160541,0.4
2,GOI-DEL,1221521,0.4
3,GOI-DEL,1162967,0.4
4,GOI-DEL,1188093,0.4
5,GOI-DEL,1259794,0.4
6,GOI-DEL,1214687,0.4
7,GOI-DEL,1164743,0.4
8,GOI-DEL,1204257,0.4
9,GOI-DEL,1176382,0.4
10,GOI-DEL,1219032,0.4
11,GOI-DEL,1239276,0.4
12,GOI-DEL,1208425,0.4
1,BOM-GOI,466873,0.4
2,BOM-GOI,470440,0.4
3,BOM-GOI,480296,0.4
4,BOM-GOI,466519,0.4
5,BOM-GOI,496493,0.4
6,BOM-GOI,470187,0.4
7,BOM-GOI,466963,0.4
8,BOM-GOI,454311,0.4
9,BOM-GOI,486153,0.4
10,BOM-GOI,485358,0.4
11,BOM-GOI,482772,0.4
12,BOM-GOI,479396,0.4
1,GOI-BOM,445417,0.4
2,GOI-BOM,470478,0.4
3,GOI-BOM,474212,0.4
4,GOI-BOM,490821,0.4
5,GOI-BOM,503463,0.4
6,GOI-BOM,473967,0.4
7,GOI-BOM,492397,0.4
8,GOI-BOM,458995,0.4
9,GOI-BOM,472186,0.4
10,GOI-BOM,497080,0.4
11,GOI-BOM,490683,0.4
12,GOI-BOM,476076,0.4
1,DEL-DXB,1567935,0.4
2,DEL-DXB,1648169,0.4
3,DEL-DXB,1617034,0.4
4,DEL-DXB,1658482,0.4
5,DEL-DXB,1714010,0.4
6,DEL-DXB,1676567,0.4
7,DEL-DXB,1624287,0.4
8,DEL-DXB,1614995,0.4
9,DEL-DXB,1649539,0.4
10,DEL-DXB,1651838,0.4
11,DEL-DXB,1757649,0.4
12,DEL-DXB,1644777,0.4
1,DXB-DEL,1574963,0.4
2,DXB-DEL,1595099,0.4
3,DXB-DEL,1598613,0.4
4,DXB-DEL,1665116,0.4
5,DXB-DEL,1706304,0.4
6,DXB-DEL,1622658,0.4
7,DXB-DEL,1582424,0.4
8,DXB-DEL,1582300,0.4
9,DXB-DEL,1696768,0.4
10,DXB-DEL,1652031,0.4
11,DXB-DEL,1709806,0.4
12,DXB-DEL,1715873,0.4
1,BOM-DXB,1401200,0.4
2,BOM-DXB,1441837,0.4
3,BOM-DXB,1426695,0.4
4,BOM-DXB,1531394,0.4
5,BOM-DXB,1491922,0.4
6,BOM-DXB,1454232,0.4
7,BOM-DXB,1465855,0.4
8,BOM-DXB,1431900,0.4
9,BOM-DXB,1463602,0.4
10,BOM-DXB,1503869,0.4
11,BOM-DXB,1490713,0.4
12,BOM-DXB,1425561,0.4
1,DXB-BOM,1421510,0.4
2,DXB-BOM,1414551,0.4
3,DXB-BOM,1462116,0.4
4,DXB-BOM,1497138,0.4
5,DXB-BOM,1531881,0.4
6,DXB-BOM,1483326,0.4
7,DXB-BOM,1429365,0.4
8,DXB-BOM,1449536,0.4
9,DXB-BOM,1486400,0.4
10,DXB-BOM,1511038,0.4
11,DXB-BOM,1527343,0.4
12,DXB-BOM,1442906,0.4
1,CCU-IXB,486431,0.4
2,CCU-IXB,496695,0.4
3,CCU-IXB,483131,0.4
4,CCU-IXB,500818,0.4
5,CCU-IXB,514033,0.4
6,CCU-IXB,498216,0.4
7,CCU-IXB,485596,0.4
8,CCU-IXB,468478,0.4
9,CCU-IXB,488642,0.4
10,CCU-IXB,496646,0.4
11,CCU-IXB,486583,0.4
12,CCU-IXB,498511,0.4
1,IXB-CCU,481538,0.4
2,IXB-CCU,485131,0.4
3,IXB-CCU,496497,0.4
4,IXB-CCU,504410,0.4
5,IXB-CCU,513141,0.4
6,IXB-CCU,490560,0.4
7,IXB-CCU,481478,0.4
8,IXB-CCU,476285,0.4
9,IXB-CCU,499408,0.4
10,IXB-CCU,503670,0.4
11,IXB-CCU,520148,0.4
12,IXB-CCU,490036,0.4
