month,sector,origin,destination,market,fleet_type,distance_km,block_hours,departures,ask,load_factor,revenue,avg_fare,rask,cost,cask
2025-01,DEL-BOM,DEL,BOM,Metro,A320,1140,1.96,186,39439440,86.0,174115721,5852,4.415,160402257,4.067
2025-02,DEL-BOM,DEL,BOM,Metro,A320,1140,1.96,168,35622720,82.9,145138296,5600,4.074,142788951,4.008
2025-03,DEL-BOM,DEL,BOM,Metro,A320,1140,1.96,186,39439440,86.1,179718988,6033,4.557,159698826,4.049
2025-04,DEL-BOM,DEL,BOM,Metro,A320,1140,1.96,180,38167200,86.5,173905302,6008,4.556,157197845,4.119
2025-05,DEL-BOM,DEL,BOM,Metro,A320,1140,1.96,186,39439440,91.3,190275182,6027,4.824,161192193,4.087
2025-06,DEL-BOM,DEL,BOM,Metro,A320,1140,1.96,180,38167200,91.3,179590776,5874,4.705,154655232,4.052
2025-07,DEL-BOM,DEL,BOM,Metro,A320,1140,1.96,186,39439440,77.7,139154365,5179,3.528,155345610,3.939
2025-08,DEL-BOM,DEL,BOM,Metro,A320,1140,1.96,186,39439440,79.3,139925712,5102,3.548,162161578,4.112
2025-09,DEL-BOM,DEL,BOM,Metro,A320,1140,1.96,180,38167200,82.6,151585190,5482,3.972,148227254,3.884
2025-10,DEL-BOM,DEL,BOM,Metro,A320,1140,1.96,186,39439440,87.6,181619149,5993,4.605,161652056,4.099
2025-11,DEL-BOM,DEL,BOM,Metro,A320,1140,1.96,180,38167200,87.3,176357920,6033,4.621,153029141,4.009
2025-12,DEL-BOM,DEL,BOM,Metro,A320,1140,1.96,186,39439440,90.6,202983024,6479,5.147,158681662,4.023
2025-01,BOM-DEL,BOM,DEL,Metro,A320,1140,1.96,186,39439440,83.4,171717224,5954,4.354,159404014,4.042
2025-02,BOM-DEL,BOM,DEL,Metro,A320,1140,1.96,168,35622720,81.7,145475274,5696,4.084,145864008,4.095
2025-03,BOM-DEL,BOM,DEL,Metro,A320,1140,1.96,186,39439440,81.4,163659693,5813,4.15,165669751,4.201
2025-04,BOM-DEL,BOM,DEL,Metro,A320,1140,1.96,180,38167200,82.3,167330938,6074,4.384,156456345,4.099
2025-05,BOM-DEL,BOM,DEL,Metro,A320,1140,1.96,186,39439440,87.2,198261210,6572,5.027,163745397,4.152
2025-06,BOM-DEL,BOM,DEL,Metro,A320,1140,1.96,180,38167200,85.3,175129954,6135,4.588,157883998,4.137
2025-07,BOM-DEL,BOM,DEL,Metro,A320,1140,1.96,186,39439440,78.0,148389815,5498,3.762,161071985,4.084
2025-08,BOM-DEL,BOM,DEL,Metro,A320,1140,1.96,186,39439440,78.3,149850424,5532,3.8,159107047,4.034
2025-09,BOM-DEL,BOM,DEL,Metro,A320,1140,1.96,180,38167200,80.2,145946480,5436,3.824,156481051,4.1
2025-10,BOM-DEL,BOM,DEL,Metro,A320,1140,1.96,186,39439440,83.9,171088154,5897,4.338,160653677,4.073
2025-11,BOM-DEL,BOM,DEL,Metro,A320,1140,1.96,180,38167200,88.9,188513326,6331,4.939,151952136,3.981
2025-12,BOM-DEL,BOM,DEL,Metro,A320,1140,1.96,186,39439440,87.9,194579705,6401,4.934,154859542,3.927
2025-01,DEL-BLR,DEL,BLR,Metro,A320,1740,2.73,124,40131360,83.2,130140253,6780,3.243,157042358,3.913
2025-02,DEL-BLR,DEL,BLR,Metro,A320,1740,2.73,112,36247680,83.6,114811483,6591,3.167,137346175,3.789
2025-03,DEL-BLR,DEL,BLR,Metro,A320,1740,2.73,124,40131360,83.6,137073580,7111,3.416,151879696,3.785
2025-04,DEL-BLR,DEL,BLR,Metro,A320,1740,2.73,120,38836800,85.0,133074457,7016,3.427,147891357,3.808
2025-05,DEL-BLR,DEL,BLR,Metro,A320,1740,2.73,124,40131360,88.6,143566542,7026,3.577,153155788,3.816
2025-06,DEL-BLR,DEL,BLR,Metro,A320,1740,2.73,120,38836800,87.2,144542894,7427,3.722,150185840,3.867
2025-07,DEL-BLR,DEL,BLR,Metro,A320,1740,2.73,124,40131360,78.8,117125215,6443,2.919,152149788,3.791
2025-08,DEL-BLR,DEL,BLR,Metro,A320,1740,2.73,124,40131360,79.4,113900014,6217,2.838,154978468,3.862
2025-09,DEL-BLR,DEL,BLR,Metro,A320,1740,2.73,120,38836800,78.3,114194160,6530,2.94,143243934,3.688
2025-10,DEL-BLR,DEL,BLR,Metro,A320,1740,2.73,124,40131360,83.0,133424374,6972,3.325,150433870,3.749
2025-11,DEL-BLR,DEL,BLR,Metro,A320,1740,2.73,120,38836800,88.3,150889760,7660,3.885,145783390,3.754
2025-12,DEL-BLR,DEL,BLR,Metro,A320,1740,2.73,124,40131360,88.8,151677309,7407,3.78,154701593,3.855
2025-01,BLR-DEL,BLR,DEL,Metro,A320,1740,2.73,124,40131360,81.2,126551779,6758,3.153,155343309,3.871
2025-02,BLR-DEL,BLR,DEL,Metro,A320,1740,2.73,112,36247680,80.8,108619017,6450,2.997,138147024,3.811
2025-03,BLR-DEL,BLR,DEL,Metro,A320,1740,2.73,124,40131360,81.5,123834097,6585,3.086,153987189,3.837
2025-04,BLR-DEL,BLR,DEL,Metro,A320,1740,2.73,120,38836800,81.5,129989857,7145,3.347,148820929,3.832
2025-05,BLR-DEL,BLR,DEL,Metro,A320,1740,2.73,124,40131360,86.4,142334628,7140,3.547,152827689,3.808
2025-06,BLR-DEL,BLR,DEL,Metro,A320,1740,2.73,120,38836800,81.9,126765108,6933,3.264,149325256,3.845
2025-07,BLR-DEL,BLR,DEL,Metro,A320,1740,2.73,124,40131360,73.2,109397859,6477,2.726,147841360,3.684
2025-08,BLR-DEL,BLR,DEL,Metro,A320,1740,2.73,124,40131360,76.6,107074926,6060,2.668,155577778,3.877
2025-09,BLR-DEL,BLR,DEL,Metro,A320,1740,2.73,120,38836800,78.2,107626309,6165,2.771,151953152,3.913
2025-10,BLR-DEL,BLR,DEL,Metro,A320,1740,2.73,124,40131360,86.3,139806644,7022,3.484,152351857,3.796
2025-11,BLR-DEL,BLR,DEL,Metro,A320,1740,2.73,120,38836800,85.1,132257268,6966,3.405,151506737,3.901
2025-12,BLR-DEL,BLR,DEL,Metro,A320,1740,2.73,124,40131360,86.3,146241031,7350,3.644,150760569,3.757
2025-01,BOM-BLR,BOM,BLR,Metro,A320,840,1.58,124,19373760,79.0,80600064,4424,4.16,86820257,4.481
2025-02,BOM-BLR,BOM,BLR,Metro,A320,840,1.58,112,17498880,78.3,75587073,4633,4.32,76515489,4.373
2025-03,BOM-BLR,BOM,BLR,Metro,A320,840,1.58,124,19373760,78.9,82876488,4555,4.278,83742077,4.322
2025-04,BOM-BLR,BOM,BLR,Metro,A320,840,1.58,120,18748800,81.4,84407786,4643,4.502,81467414,4.345
2025-05,BOM-BLR,BOM,BLR,Metro,A320,840,1.58,124,19373760,82.4,91160992,4798,4.705,87492684,4.516
2025-06,BOM-BLR,BOM,BLR,Metro,A320,840,1.58,120,18748800,82.7,86729670,4701,4.626,82511979,4.401
2025-07,BOM-BLR,BOM,BLR,Metro,A320,840,1.58,124,19373760,77.2,72775035,4087,3.756,84337809,4.353
2025-08,BOM-BLR,BOM,BLR,Metro,A320,840,1.58,124,19373760,73.2,67222190,3984,3.47,85935842,4.436
2025-09,BOM-BLR,BOM,BLR,Metro,A320,840,1.58,120,18748800,76.6,74867955,4382,3.993,80725865,4.306
2025-10,BOM-BLR,BOM,BLR,Metro,A320,840,1.58,124,19373760,83.1,89779464,4683,4.634,84448956,4.359
2025-11,BOM-BLR,BOM,BLR,Metro,A320,840,1.58,120,18748800,81.9,85529851,4678,4.562,84148218,4.488
2025-12,BOM-BLR,BOM,BLR,Metro,A320,840,1.58,124,19373760,84.8,98202481,5023,5.069,84633773,4.368
2025-01,BLR-BOM,BLR,BOM,Metro,A320,840,1.58,124,19373760,76.9,80359339,4530,4.148,85758255,4.427
2025-02,BLR-BOM,BLR,BOM,Metro,A320,840,1.58,112,17498880,75.7,70720644,4483,4.041,76529101,4.373
2025-03,BLR-BOM,BLR,BOM,Metro,A320,840,1.58,124,19373760,79.4,85986803,4694,4.438,85339064,4.405
2025-04,BLR-BOM,BLR,BOM,Metro,A320,840,1.58,120,18748800,78.1,78467513,4501,4.185,83515491,4.454
2025-05,BLR-BOM,BLR,BOM,Metro,A320,840,1.58,124,19373760,83.8,94589272,4897,4.882,85608862,4.419
2025-06,BLR-BOM,BLR,BOM,Metro,A320,840,1.58,120,18748800,82.5,91663452,4976,4.889,83469354,4.452
2025-07,BLR-BOM,BLR,BOM,Metro,A320,840,1.58,124,19373760,72.2,74369830,4467,3.839,82579504,4.262
2025-08,BLR-BOM,BLR,BOM,Metro,A320,840,1.58,124,19373760,73.1,71976524,4269,3.715,86170762,4.448
2025-09,BLR-BOM,BLR,BOM,Metro,A320,840,1.58,120,18748800,77.1,78575211,4567,4.191,80081888,4.271
2025-10,BLR-BOM,BLR,BOM,Metro,A320,840,1.58,124,19373760,77.2,86834846,4876,4.482,82971760,4.283
2025-11,BLR-BOM,BLR,BOM,Metro,A320,840,1.58,120,18748800,81.2,90253072,4977,4.814,79264559,4.228
2025-12,BLR-BOM,BLR,BOM,Metro,A320,840,1.58,124,19373760,79.6,92082672,5019,4.753,84766190,4.375
2025-01,BLR-HYD,BLR,HYD,South,A320,500,1.14,93,8649000,71.6,44667575,3604,5.164,43350755,5.012
2025-02,BLR-HYD,BLR,HYD,South,A320,500,1.14,84,7812000,68.6,37558185,3506,4.808,39066919,5.001
2025-03,BLR-HYD,BLR,HYD,South,A320,500,1.14,93,8649000,69.6,44020490,3655,5.09,44055734,5.094
2025-04,BLR-HYD,BLR,HYD,South,A320,500,1.14,90,8370000,73.5,43551484,3542,5.203,42125189,5.033
2025-05,BLR-HYD,BLR,HYD,South,A320,500,1.14,93,8649000,73.1,46137573,3650,5.334,44282288,5.12
2025-06,BLR-HYD,BLR,HYD,South,A320,500,1.14,90,8370000,71.7,44292537,3689,5.292,42977063,5.135
2025-07,BLR-HYD,BLR,HYD,South,A320,500,1.14,93,8649000,71.3,40110868,3254,4.638,44893206,5.191
2025-08,BLR-HYD,BLR,HYD,South,A320,500,1.14,93,8649000,67.5,39010844,3343,4.51,42830833,4.952
2025-09,BLR-HYD,BLR,HYD,South,A320,500,1.14,90,8370000,69.2,41114221,3550,4.912,42616585,5.092
2025-10,BLR-HYD,BLR,HYD,South,A320,500,1.14,93,8649000,73.4,46261363,3643,5.349,45128459,5.218
2025-11,BLR-HYD,BLR,HYD,South,A320,500,1.14,90,8370000,74.1,43160957,3479,5.157,42096150,5.029
2025-12,BLR-HYD,BLR,HYD,South,A320,500,1.14,93,8649000,72.4,42959744,3429,4.967,43642233,5.046
2025-01,HYD-BLR,HYD,BLR,South,A320,500,1.14,93,8649000,71.7,44714408,3605,5.17,43075483,4.98
2025-02,HYD-BLR,HYD,BLR,South,A320,500,1.14,84,7812000,67.3,38303620,3644,4.903,39966801,5.116
2025-03,HYD-BLR,HYD,BLR,South,A320,500,1.14,93,8649000,69.9,43463254,3594,5.025,44143777,5.104
2025-04,HYD-BLR,HYD,BLR,South,A320,500,1.14,90,8370000,71.8,44609013,3711,5.33,42871156,5.122
2025-05,HYD-BLR,HYD,BLR,South,A320,500,1.14,93,8649000,70.8,46639601,3807,5.392,43506259,5.03
2025-06,HYD-BLR,HYD,BLR,South,A320,500,1.14,90,8370000,72.2,42447947,3511,5.071,42569507,5.086
2025-07,HYD-BLR,HYD,BLR,South,A320,500,1.14,93,8649000,66.4,37467266,3261,4.332,45629020,5.276
2025-08,HYD-BLR,HYD,BLR,South,A320,500,1.14,93,8649000,67.5,38489188,3298,4.45,44790711,5.179
2025-09,HYD-BLR,HYD,BLR,South,A320,500,1.14,90,8370000,68.2,36561069,3201,4.368,42900775,5.126
2025-10,HYD-BLR,HYD,BLR,South,A320,500,1.14,93,8649000,71.0,45252308,3684,5.232,43159883,4.99
2025-11,HYD-BLR,HYD,BLR,South,A320,500,1.14,90,8370000,71.5,44364306,3705,5.3,43701324,5.221
2025-12,HYD-BLR,HYD,BLR,South,A320,500,1.14,93,8649000,73.6,48381157,3799,5.594,45458754,5.256
2025-01,DEL-GOI,DEL,GOI,Leisure,A320,1520,2.45,62,17528640,83.9,65364903,6757,3.729,65744411,3.751
2025-02,DEL-GOI,DEL,GOI,Leisure,A320,1520,2.45,56,15832320,82.8,56955906,6601,3.597,62750999,3.963
2025-03,DEL-GOI,DEL,GOI,Leisure,A320,1520,2.45,62,17528640,76.6,53043945,6001,3.026,68517339,3.909
2025-04,DEL-GOI,DEL,GOI,Leisure,A320,1520,2.45,60,16963200,70.4,43205580,5500,2.547,66094265,3.896
2025-05,DEL-GOI,DEL,GOI,Leisure,A320,1520,2.45,62,17528640,70.3,43704400,5392,2.493,68143545,3.888
2025-06,DEL-GOI,DEL,GOI,Leisure,A320,1520,2.45,30,8481600,62.2,16456327,4738,1.94,34069427,4.017
2025-07,DEL-GOI,DEL,GOI,Leisure,A320,1520,2.45,31,8764320,59.1,15161013,4446,1.73,33875479,3.865
2025-08,DEL-GOI,DEL,GOI,Leisure,A320,1520,2.45,31,8764320,58.9,15542996,4577,1.773,34707694,3.96
2025-09,DEL-GOI,DEL,GOI,Leisure,A320,1520,2.45,30,8481600,66.7,19250838,5175,2.27,32865347,3.875
2025-10,DEL-GOI,DEL,GOI,Leisure,A320,1520,2.45,62,17528640,80.5,56704887,6109,3.235,67902119,3.874
2025-11,DEL-GOI,DEL,GOI,Leisure,A320,1520,2.45,60,16963200,87.7,72781838,7441,4.291,65005022,3.832
2025-12,DEL-GOI,DEL,GOI,Leisure,A320,1520,2.45,62,17528640,96.6,91361180,8205,5.212,67795420,3.868
2025-01,GOI-DEL,GOI,DEL,Leisure,A320,1520,2.45,62,17528640,81.3,64461431,6876,3.677,68220543,3.892
2025-02,GOI-DEL,GOI,DEL,Leisure,A320,1520,2.45,56,15832320,76.4,51731115,6504,3.267,64105021,4.049
2025-03,GOI-DEL,GOI,DEL,Leisure,A320,1520,2.45,62,17528640,73.0,50038501,5945,2.855,66797538,3.811
2025-04,GOI-DEL,GOI,DEL,Leisure,A320,1520,2.45,60,16963200,69.1,41055491,5326,2.42,64560912,3.806
2025-05,GOI-DEL,GOI,DEL,Leisure,A320,1520,2.45,62,17528640,67.9,40382635,5159,2.304,69698788,3.976
2025-06,GOI-DEL,GOI,DEL,Leisure,A320,1520,2.45,30,8481600,62.9,17097315,4868,2.016,33376643,3.935
2025-07,GOI-DEL,GOI,DEL,Leisure,A320,1520,2.45,31,8764320,59.0,15007401,4411,1.712,33707088,3.846
2025-08,GOI-DEL,GOI,DEL,Leisure,A320,1520,2.45,31,8764320,56.8,15050367,4592,1.717,35120777,4.007
2025-09,GOI-DEL,GOI,DEL,Leisure,A320,1520,2.45,30,8481600,66.4,18768088,5063,2.213,32446539,3.826
2025-10,GOI-DEL,GOI,DEL,Leisure,A320,1520,2.45,62,17528640,77.1,57557068,6472,3.284,67943171,3.876
2025-11,GOI-DEL,GOI,DEL,Leisure,A320,1520,2.45,60,16963200,86.9,70894581,7313,4.179,65628044,3.869
2025-12,GOI-DEL,GOI,DEL,Leisure,A320,1520,2.45,62,17528640,92.5,84229335,7895,4.805,68108738,3.886
2025-01,BOM-GOI,BOM,GOI,Leisure,A320,440,1.06,62,5074080,76.9,34079350,3843,6.716,27444388,5.409
2025-02,BOM-GOI,BOM,GOI,Leisure,A320,440,1.06,56,4583040,72.2,24366900,3242,5.317,24688519,5.387
2025-03,BOM-GOI,BOM,GOI,Leisure,A320,440,1.06,62,5074080,65.2,22937883,3049,4.521,27586876,5.437
2025-04,BOM-GOI,BOM,GOI,Leisure,A320,440,1.06,60,4910400,64.4,21069499,2932,4.291,25350622,5.163
2025-05,BOM-GOI,BOM,GOI,Leisure,A320,440,1.06,62,5074080,60.8,19380350,2765,3.819,27468728,5.414
2025-06,BOM-GOI,BOM,GOI,Leisure,A320,440,1.06,30,2455200,59.1,8528475,2588,3.474,12919604,5.262
2025-07,BOM-GOI,BOM,GOI,Leisure,A320,440,1.06,31,2537040,51.3,6975513,2358,2.749,13513680,5.327
2025-08,BOM-GOI,BOM,GOI,Leisure,A320,440,1.06,31,2537040,52.8,7458790,2449,2.94,13249467,5.222
2025-09,BOM-GOI,BOM,GOI,Leisure,A320,440,1.06,30,2455200,61.6,9843554,2862,4.009,13408889,5.461
2025-10,BOM-GOI,BOM,GOI,Leisure,A320,440,1.06,62,5074080,71.4,28548145,3467,5.626,27051621,5.331
2025-11,BOM-GOI,BOM,GOI,Leisure,A320,440,1.06,60,4910400,79.4,33839778,3819,6.891,25566013,5.207
2025-12,BOM-GOI,BOM,GOI,Leisure,A320,440,1.06,62,5074080,83.2,41018974,4276,8.084,27019525,5.325
2025-01,GOI-BOM,GOI,BOM,Leisure,A320,440,1.06,62,5074080,74.2,32057539,3749,6.318,26183100,5.16
2025-02,GOI-BOM,GOI,BOM,Leisure,A320,440,1.06,56,4583040,68.8,24606189,3433,5.369,24690546,5.387
2025-03,GOI-BOM,GOI,BOM,Leisure,A320,440,1.06,62,5074080,65.3,24731335,3282,4.874,27237396,5.368
2025-04,GOI-BOM,GOI,BOM,Leisure,A320,440,1.06,60,4910400,60.1,19201003,2863,3.91,26671165,5.432
2025-05,GOI-BOM,GOI,BOM,Leisure,A320,440,1.06,62,5074080,59.9,18400949,2662,3.626,27854351,5.49
2025-06,GOI-BOM,GOI,BOM,Leisure,A320,440,1.06,30,2455200,55.5,8278805,2674,3.372,13023445,5.304
2025-07,GOI-BOM,GOI,BOM,Leisure,A320,440,1.06,31,2537040,50.7,6665939,2282,2.627,14249730,5.617
2025-08,GOI-BOM,GOI,BOM,Leisure,A320,440,1.06,31,2537040,52.3,7704161,2557,3.037,13386065,5.276
2025-09,GOI-BOM,GOI,BOM,Leisure,A320,440,1.06,30,2455200,58.7,8626230,2634,3.513,13023664,5.305
2025-10,GOI-BOM,GOI,BOM,Leisure,A320,440,1.06,62,5074080,71.3,27019256,3286,5.325,27704910,5.46
2025-11,GOI-BOM,GOI,BOM,Leisure,A320,440,1.06,60,4910400,78.2,32593522,3737,6.638,25984998,5.292
2025-12,GOI-BOM,GOI,BOM,Leisure,A320,440,1.06,62,5074080,82.3,39591625,4170,7.803,26832425,5.288
2025-01,DEL-DXB,DEL,DXB,Gulf,A320,2200,3.32,62,25370400,79.2,126519920,13861,4.987,92168491,3.633
2025-02,DEL-DXB,DEL,DXB,Gulf,A320,2200,3.32,56,22915200,75.9,106337522,13450,4.64,86495350,3.775
2025-03,DEL-DXB,DEL,DXB,Gulf,A320,2200,3.32,62,25370400,76.5,120733907,13679,4.759,92877888,3.661
2025-04,DEL-DXB,DEL,DXB,Gulf,A320,2200,3.32,60,24552000,83.8,143901164,15388,5.861,90121851,3.671
2025-05,DEL-DXB,DEL,DXB,Gulf,A320,2200,3.32,62,25370400,86.5,143242772,14358,5.646,94828525,3.738
2025-06,DEL-DXB,DEL,DXB,Gulf,A320,2200,3.32,60,24552000,91.2,162047151,15913,6.6,92135940,3.753
2025-07,DEL-DXB,DEL,DXB,Gulf,A320,2200,3.32,62,25370400,92.3,178536478,16772,7.037,94012116,3.706
2025-08,DEL-DXB,DEL,DXB,Gulf,A320,2200,3.32,62,25370400,86.0,153212480,15453,6.039,94198901,3.713
2025-09,DEL-DXB,DEL,DXB,Gulf,A320,2200,3.32,60,24552000,80.5,119483977,13306,4.867,90993968,3.706
2025-10,DEL-DXB,DEL,DXB,Gulf,A320,2200,3.32,62,25370400,77.7,127813899,14262,5.038,92065745,3.629
2025-11,DEL-DXB,DEL,DXB,Gulf,A320,2200,3.32,60,24552000,79.0,125878542,14271,5.127,93079397,3.791
2025-12,DEL-DXB,DEL,DXB,Gulf,A320,2200,3.32,62,25370400,87.5,156098358,15468,6.153,92702260,3.654
2025-01,DXB-DEL,DXB,DEL,Gulf,A320,2200,3.32,62,25370400,76.3,124496040,14148,4.907,92581636,3.649
2025-02,DXB-DEL,DXB,DEL,Gulf,A320,2200,3.32,56,22915200,74.5,106329915,13705,4.64,83710267,3.653
2025-03,DXB-DEL,DXB,DEL,Gulf,A320,2200,3.32,62,25370400,77.2,118289298,13279,4.662,91819848,3.619
2025-04,DXB-DEL,DXB,DEL,Gulf,A320,2200,3.32,60,24552000,79.9,141182908,15842,5.75,90482308,3.685
2025-05,DXB-DEL,DXB,DEL,Gulf,A320,2200,3.32,62,25370400,81.9,138679282,14689,5.466,94402172,3.721
2025-06,DXB-DEL,DXB,DEL,Gulf,A320,2200,3.32,60,24552000,89.0,170976432,17213,6.964,89173391,3.632
2025-07,DXB-DEL,DXB,DEL,Gulf,A320,2200,3.32,62,25370400,87.0,160297235,15974,6.318,91589168,3.61
2025-08,DXB-DEL,DXB,DEL,Gulf,A320,2200,3.32,62,25370400,86.5,158464563,15882,6.246,92291903,3.638
2025-09,DXB-DEL,DXB,DEL,Gulf,A320,2200,3.32,60,24552000,74.5,112437339,13532,4.58,93599271,3.812
2025-10,DXB-DEL,DXB,DEL,Gulf,A320,2200,3.32,62,25370400,73.7,120715418,14210,4.758,92076525,3.629
2025-11,DXB-DEL,DXB,DEL,Gulf,A320,2200,3.32,60,24552000,81.2,125355537,13834,5.106,90545769,3.688
2025-12,DXB-DEL,DXB,DEL,Gulf,A320,2200,3.32,62,25370400,84.9,151992533,15521,5.991,96709300,3.812
2025-01,BOM-DXB,BOM,DXB,Gulf,A320,1930,2.97,62,22256760,88.7,126746428,12390,5.695,82367245,3.701
2025-02,BOM-DXB,BOM,DXB,Gulf,A320,1930,2.97,56,20102880,81.3,101035423,11933,5.026,75667108,3.764
2025-03,BOM-DXB,BOM,DXB,Gulf,A320,1930,2.97,62,22256760,85.5,120520312,12228,5.415,81945369,3.682
2025-04,BOM-DXB,BOM,DXB,Gulf,A320,1930,2.97,60,21538800,92.6,138776508,13436,6.443,83215901,3.864
2025-05,BOM-DXB,BOM,DXB,Gulf,A320,1930,2.97,62,22256760,94.5,143021434,13127,6.426,82541379,3.709
2025-06,BOM-DXB,BOM,DXB,Gulf,A320,1930,2.97,60,21538800,97.0,155134020,14331,7.203,79917485,3.71
2025-07,BOM-DXB,BOM,DXB,Gulf,A320,1930,2.97,62,22256760,97.0,160042852,14307,7.191,84842259,3.812
2025-08,BOM-DXB,BOM,DXB,Gulf,A320,1930,2.97,62,22256760,95.1,153547451,14001,6.899,83519405,3.753
2025-09,BOM-DXB,BOM,DXB,Gulf,A320,1930,2.97,60,21538800,84.4,112171146,11914,5.208,80737074,3.748
2025-10,BOM-DXB,BOM,DXB,Gulf,A320,1930,2.97,62,22256760,86.3,125711550,12630,5.648,83818678,3.766
2025-11,BOM-DXB,BOM,DXB,Gulf,A320,1930,2.97,60,21538800,86.5,123971128,12843,5.756,78943328,3.665
2025-12,BOM-DXB,BOM,DXB,Gulf,A320,1930,2.97,62,22256760,96.7,158400894,14210,7.117,80346866,3.61
2025-01,DXB-BOM,DXB,BOM,Gulf,A320,1930,2.97,62,22256760,84.8,123213901,12598,5.536,83561177,3.754
2025-02,DXB-BOM,DXB,BOM,Gulf,A320,1930,2.97,56,20102880,81.3,101059565,11940,5.027,74235152,3.693
2025-03,DXB-BOM,DXB,BOM,Gulf,A320,1930,2.97,62,22256760,82.6,114862229,12060,5.161,83979821,3.773
2025-04,DXB-BOM,DXB,BOM,Gulf,A320,1930,2.97,60,21538800,87.7,132629323,13547,6.158,81354404,3.777
2025-05,DXB-BOM,DXB,BOM,Gulf,A320,1930,2.97,62,22256760,88.1,132145004,13008,5.937,84752118,3.808
2025-06,DXB-BOM,DXB,BOM,Gulf,A320,1930,2.97,60,21538800,93.2,153929483,14799,7.147,81516354,3.785
2025-07,DXB-BOM,DXB,BOM,Gulf,A320,1930,2.97,62,22256760,97.0,167113761,14939,7.508,82730259,3.717
2025-08,DXB-BOM,DXB,BOM,Gulf,A320,1930,2.97,62,22256760,92.0,150187926,14163,6.748,84548084,3.799
2025-09,DXB-BOM,DXB,BOM,Gulf,A320,1930,2.97,60,21538800,83.4,108929550,11706,5.057,81994730,3.807
2025-10,DXB-BOM,DXB,BOM,Gulf,A320,1930,2.97,62,22256760,86.6,129093206,12921,5.8,84218210,3.784
2025-11,DXB-BOM,DXB,BOM,Gulf,A320,1930,2.97,60,21538800,83.6,122908092,13180,5.706,80883128,3.755
2025-12,DXB-BOM,DXB,BOM,Gulf,A320,1930,2.97,62,22256760,90.1,150689354,14498,6.77,81324449,3.654
2025-01,CCU-IXB,CCU,IXB,Regional,A320,460,1.09,31,2652360,56.5,9990918,3064,3.767,14297042,5.39
2025-02,CCU-IXB,CCU,IXB,Regional,A320,460,1.09,28,2395680,55.6,8734123,3018,3.646,13033185,5.44
2025-03,CCU-IXB,CCU,IXB,Regional,A320,460,1.09,31,2652360,66.0,13286281,3489,5.009,13874841,5.231
2025-04,CCU-IXB,CCU,IXB,Regional,A320,460,1.09,30,2566800,66.1,13503828,3664,5.261,13607222,5.301
2025-05,CCU-IXB,CCU,IXB,Regional,A320,460,1.09,31,2652360,72.0,16554495,3990,6.241,14219582,5.361
2025-06,CCU-IXB,CCU,IXB,Regional,A320,460,1.09,30,2566800,63.0,12285418,3494,4.786,13689765,5.333
2025-07,CCU-IXB,CCU,IXB,Regional,A320,460,1.09,31,2652360,56.6,10090618,3090,3.804,14052895,5.298
2025-08,CCU-IXB,CCU,IXB,Regional,A320,460,1.09,31,2652360,55.6,9708169,3026,3.66,13662621,5.151
2025-09,CCU-IXB,CCU,IXB,Regional,A320,460,1.09,30,2566800,63.7,13105385,3685,5.106,13477560,5.251
2025-10,CCU-IXB,CCU,IXB,Regional,A320,460,1.09,31,2652360,71.8,15632443,3774,5.894,13840378,5.218
2025-11,CCU-IXB,CCU,IXB,Regional,A320,460,1.09,30,2566800,65.1,12816761,3528,4.993,12883927,5.019
2025-12,CCU-IXB,CCU,IXB,Regional,A320,460,1.09,31,2652360,63.6,13174691,3594,4.967,14048427,5.297
2025-01,IXB-CCU,IXB,CCU,Regional,A320,460,1.09,31,2652360,55.6,10015987,3122,3.776,14153217,5.336
2025-02,IXB-CCU,IXB,CCU,Regional,A320,460,1.09,28,2395680,51.3,7969263,2983,3.327,12729754,5.314
2025-03,IXB-CCU,IXB,CCU,Regional,A320,460,1.09,31,2652360,62.9,13347226,3679,5.032,14258688,5.376
2025-04,IXB-CCU,IXB,CCU,Regional,A320,460,1.09,30,2566800,66.1,13934377,3775,5.429,13704796,5.339
2025-05,IXB-CCU,IXB,CCU,Regional,A320,460,1.09,31,2652360,68.5,15689031,3972,5.915,14194887,5.352
2025-06,IXB-CCU,IXB,CCU,Regional,A320,460,1.09,30,2566800,64.5,12538676,3483,4.885,13479379,5.251
2025-07,IXB-CCU,IXB,CCU,Regional,A320,460,1.09,31,2652360,54.5,9790140,3114,3.691,13933735,5.253
2025-08,IXB-CCU,IXB,CCU,Regional,A320,460,1.09,31,2652360,55.9,9369351,2907,3.532,13890313,5.237
2025-09,IXB-CCU,IXB,CCU,Regional,A320,460,1.09,30,2566800,63.7,13170541,3707,5.131,13774502,5.366
2025-10,IXB-CCU,IXB,CCU,Regional,A320,460,1.09,31,2652360,67.2,14977093,3867,5.647,14036117,5.292
2025-11,IXB-CCU,IXB,CCU,Regional,A320,460,1.09,30,2566800,63.1,12165724,3456,4.74,13772673,5.366
2025-12,IXB-CCU,IXB,CCU,Regional,A320,460,1.09,31,2652360,62.7,12839330,3552,4.841,13809613,5.207
