month,legs,pax,revenue,est_daily_pax,avg_fare
1.0,DXB-BOM;BOM-BLR,1956.0,26635627.0,,
2.0,DXB-BOM;BOM-BLR,1694.0,22448181.0,,
3.0,DXB-BOM;BOM-BLR,1905.0,25318994.0,,
4.0,DXB-BOM;BOM-BLR,1957.0,28495938.0,,
5.0,DXB-BOM;BOM-BLR,2032.0,28940563.0,,
6.0,DXB-BOM;BOM-BLR,2080.0,32448021.0,,
7.0,DXB-BOM;BOM-BLR,2237.0,34053413.0,,
8.0,DXB-BOM;BOM-BLR,2122.0,30789021.0,,
9.0,DXB-BOM;BOM-BLR,1861.0,23949864.0,,
10.0,DXB-BOM;BOM-BLR,1997.0,28139776.0,,
11.0,DXB-BOM;BOM-BLR,1866.0,26649710.0,,
12.0,DXB-BOM;BOM-BLR,2078.0,32457508.0,,
1.0,BLR-BOM;BOM-DXB,2046.0,27694641.0,,
2.0,BLR-BOM;BOM-DXB,1694.0,22241851.0,,
3.0,BLR-BOM;BOM-DXB,1972.0,26690677.0,,
4.0,BLR-BOM;BOM-DXB,2067.0,29647101.0,,
5.0,BLR-BOM;BOM-DXB,2180.0,31416781.0,,
6.0,BLR-BOM;BOM-DXB,2165.0,33443363.0,,
7.0,BLR-BOM;BOM-DXB,2237.0,33600068.0,,
8.0,BLR-BOM;BOM-DXB,2193.0,32058665.0,,
9.0,BLR-BOM;BOM-DXB,1884.0,24828574.0,,
10.0,BLR-BOM;BOM-DXB,1990.0,27879493.0,,
11.0,BLR-BOM;BOM-DXB,1931.0,27526898.0,,
12.0,BLR-BOM;BOM-DXB,2230.0,34293283.0,,
1.0,DXB-BOM;BOM-GOI,887.0,12394241.0,,
2.0,DXB-BOM;BOM-GOI,752.0,9699754.0,,
3.0,DXB-BOM;BOM-GOI,752.0,9656336.0,,
4.0,DXB-BOM;BOM-GOI,719.0,10069276.0,,
5.0,DXB-BOM;BOM-GOI,701.0,9399037.0,,
6.0,DXB-BOM;BOM-GOI,330.0,4873336.0,,
7.0,DXB-BOM;BOM-GOI,296.0,4349102.0,,
8.0,DXB-BOM;BOM-GOI,304.0,4297277.0,,
9.0,DXB-BOM;BOM-GOI,344.0,4256097.0,,
10.0,DXB-BOM;BOM-GOI,823.0,11473552.0,,
11.0,DXB-BOM;BOM-GOI,886.0,12798710.0,,
12.0,DXB-BOM;BOM-GOI,959.0,15314305.0,,
1.0,GOI-BOM;BOM-DXB,856.0,11737176.0,,
2.0,GOI-BOM;BOM-DXB,717.0,9359117.0,,
3.0,GOI-BOM;BOM-DXB,753.0,9926117.0,,
4.0,GOI-BOM;BOM-DXB,671.0,9288023.0,,
5.0,GOI-BOM;BOM-DXB,691.0,9269833.0,,
6.0,GOI-BOM;BOM-DXB,310.0,4476094.0,,
7.0,GOI-BOM;BOM-DXB,292.0,4121784.0,,
8.0,GOI-BOM;BOM-DXB,302.0,4243682.0,,
9.0,GOI-BOM;BOM-DXB,328.0,4048857.0,,
10.0,GOI-BOM;BOM-DXB,822.0,11124851.0,,
11.0,GOI-BOM;BOM-DXB,873.0,12296878.0,,
12.0,GOI-BOM;BOM-DXB,949.0,14824372.0,,
1.0,DEL-BLR;BLR-HYD,1486.0,12351777.0,,
2.0,DEL-BLR;BLR-HYD,1286.0,10388802.0,,
3.0,DEL-BLR;BLR-HYD,1445.0,12442512.0,,
4.0,DEL-BLR;BLR-HYD,1476.0,12466002.0,,
5.0,DEL-BLR;BLR-HYD,1517.0,12957643.0,,
6.0,DEL-BLR;BLR-HYD,1440.0,12809288.0,,
7.0,DEL-BLR;BLR-HYD,1480.0,11481024.0,,
8.0,DEL-BLR;BLR-HYD,1401.0,10716755.0,,
9.0,DEL-BLR;BLR-HYD,1390.0,11213389.0,,
10.0,DEL-BLR;BLR-HYD,1524.0,12936526.0,,
11.0,DEL-BLR;BLR-HYD,1489.0,13260406.0,,
12.0,DEL-BLR;BLR-HYD,1503.0,13028003.0,,
1.0,HYD-BLR;BLR-DEL,1488.0,12338284.0,,
2.0,HYD-BLR;BLR-DEL,1262.0,10191062.0,,
3.0,HYD-BLR;BLR-DEL,1451.0,11819494.0,,
4.0,HYD-BLR;BLR-DEL,1442.0,12527810.0,,
5.0,HYD-BLR;BLR-DEL,1470.0,12875145.0,,
6.0,HYD-BLR;BLR-DEL,1450.0,12121105.0,,
7.0,HYD-BLR;BLR-DEL,1378.0,10741793.0,,
8.0,HYD-BLR;BLR-DEL,1401.0,10488489.0,,
9.0,HYD-BLR;BLR-DEL,1370.0,10268024.0,,
10.0,HYD-BLR;BLR-DEL,1474.0,12625700.0,,
11.0,HYD-BLR;BLR-DEL,1436.0,12259683.0,,
12.0,HYD-BLR;BLR-DEL,1528.0,13624434.0,,
,HYD-BLR;BLR-DXB,,,30.0,16000.0
,DXB-BLR;BLR-HYD,,,30.0,15500.0
,BOM-DEL;DEL-IXB,,,35.0,8800.0
,IXB-DEL;DEL-BOM,,,35.0,8800.0
